buy,sell,total_ret,cagr,max_dd,sharpe
1.03,0.83,12503.13,20.45,-62.55,0.57
1.03,0.82,11814.56,20.19,-63.45,0.56
1.04,0.83,11764.24,20.17,-62.38,0.56
1.03,0.81,11263.1,19.97,-63.45,0.56
1.04,0.82,11122.87,19.92,-63.26,0.56
1.05,0.83,10772.1,19.77,-62.38,0.56
1.03,0.8,10692.55,19.74,-64.72,0.55
1.04,0.81,10606.02,19.7,-63.26,0.55
1.05,0.82,10192.08,19.52,-63.26,0.55
1.04,0.8,10070.13,19.46,-64.53,0.55
1.02,0.83,9901.24,19.39,-61.87,0.55
1.05,0.81,9721.3,19.3,-63.26,0.55
1.02,0.82,9254.46,19.08,-62.66,0.54
1.05,0.8,9231.98,19.07,-64.53,0.54
1.01,0.83,9046.32,18.98,-64.9,0.54
1.02,0.81,8829.97,18.87,-62.66,0.54
1.06,0.83,8559.87,18.73,-62.13,0.53
1.01,0.82,8381.12,18.63,-65.44,0.53
1.02,0.8,8282.97,18.58,-63.85,0.53
1.03,0.79,8176.14,18.52,-67.3,0.53
1.03,0.78,8176.14,18.52,-67.3,0.53
1.06,0.82,8116.46,18.49,-62.98,0.53
1.01,0.81,8000.5,18.42,-65.44,0.53
1.03,0.77,7848.58,18.34,-68.19,0.52
1.07,0.83,7816.13,18.32,-62.13,0.53
1.08,0.83,7816.13,18.32,-62.13,0.53
1.03,0.72,7801.26,18.31,-71.08,0.52
1.03,0.75,7801.26,18.31,-71.08,0.52
1.03,0.76,7801.26,18.31,-71.08,0.52
1.03,0.73,7801.26,18.31,-71.08,0.52
1.03,0.74,7801.26,18.31,-71.08,0.52
1.06,0.81,7748.37,18.28,-62.98,0.53
1.04,0.79,7709.74,18.26,-67.08,0.52
1.04,0.78,7709.74,18.26,-67.08,0.52
1.09,0.83,7442.57,18.1,-62.13,0.52
1.01,0.8,7433.05,18.09,-65.97,0.52
1.07,0.82,7418.4,18.08,-62.98,0.52
1.08,0.82,7418.4,18.08,-62.98,0.52
1.04,0.77,7402.7,18.07,-67.98,0.52
1.04,0.72,7363.1,18.05,-70.86,0.52
1.04,0.75,7363.1,18.05,-70.86,0.52
1.04,0.73,7363.1,18.05,-70.86,0.52
1.05,0.74,7363.1,18.05,-70.86,0.52
1.05,0.75,7363.1,18.05,-70.86,0.52
1.05,0.72,7363.1,18.05,-70.86,0.52
1.05,0.76,7363.1,18.05,-70.86,0.52
1.04,0.74,7363.1,18.05,-70.86,0.52
1.05,0.73,7363.1,18.05,-70.86,0.52
1.04,0.76,7363.1,18.05,-70.86,0.52
1.06,0.8,7362.88,18.05,-64.23,0.52
1.03,0.84,7260.27,17.99,-62.55,0.52
1.07,0.81,7084.78,17.88,-62.98,0.52
1.08,0.81,7084.78,17.88,-62.98,0.52
1.05,0.78,7080.01,17.87,-67.08,0.52
1.05,0.79,7080.01,17.87,-67.08,0.52
1.09,0.82,7067.49,17.87,-62.98,0.52
1.03,0.71,7043.87,17.85,-72.31,0.51
1.05,0.77,6800.29,17.69,-67.08,0.51
1.09,0.81,6751.13,17.66,-62.98,0.51
1.06,0.73,6748.2,17.66,-70.52,0.51
1.06,0.76,6748.2,17.66,-70.52,0.51
1.06,0.72,6748.2,17.66,-70.52,0.51
1.06,0.74,6748.2,17.66,-70.52,0.51
1.06,0.75,6748.2,17.66,-70.52,0.51
1.08,0.73,6748.2,17.66,-70.52,0.51
1.08,0.76,6748.2,17.66,-70.52,0.51
1.07,0.76,6748.2,17.66,-70.52,0.51
1.07,0.75,6748.2,17.66,-70.52,0.51
1.07,0.74,6748.2,17.66,-70.52,0.51
1.07,0.73,6748.2,17.66,-70.52,0.51
1.07,0.72,6748.2,17.66,-70.52,0.51
1.08,0.75,6748.2,17.66,-70.52,0.51
1.08,0.74,6748.2,17.66,-70.52,0.51
1.08,0.72,6748.2,17.66,-70.52,0.51
1.07,0.8,6734.2,17.65,-64.23,0.51
1.08,0.8,6734.2,17.65,-64.23,0.51
1.1,0.83,6724.78,17.64,-62.0,0.51
1.05,0.71,6650.42,17.59,-72.04,0.51
1.04,0.71,6650.42,17.59,-72.04,0.51
1.04,0.84,6557.12,17.53,-62.38,0.51
1.09,0.76,6435.26,17.45,-70.33,0.5
1.09,0.72,6435.26,17.45,-70.33,0.5
1.09,0.73,6435.26,17.45,-70.33,0.5
1.09,0.75,6435.26,17.45,-70.33,0.5
1.09,0.74,6435.26,17.45,-70.33,0.5
1.09,0.8,6418.09,17.44,-64.23,0.51
1.1,0.82,6392.42,17.42,-62.83,0.51
1.02,0.79,6366.02,17.4,-66.48,0.51
1.02,0.78,6339.25,17.38,-66.47,0.51
1.03,0.85,6302.2,17.35,-62.62,0.51
1.11,0.83,6247.25,17.32,-61.9,0.51
1.1,0.81,6109.06,17.22,-62.83,0.5
1.07,0.71,6098.25,17.21,-71.63,0.5
1.06,0.71,6098.25,17.21,-71.63,0.5
1.08,0.71,6098.25,17.21,-71.63,0.5
1.0,0.83,6062.8,17.18,-72.2,0.51
1.05,0.84,6026.31,17.16,-62.38,0.5
1.02,0.84,5946.37,17.1,-61.89,0.5
1.11,0.82,5943.11,17.09,-62.73,0.5
1.02,0.77,5843.38,17.02,-67.49,0.5
1.1,0.73,5831.85,17.01,-69.92,0.5
1.1,0.74,5831.85,17.01,-69.92,0.5
1.1,0.75,5831.85,17.01,-69.92,0.5
1.1,0.76,5831.85,17.01,-69.92,0.5
1.1,0.72,5831.85,17.01,-69.92,0.5
1.09,0.71,5817.23,17.0,-71.63,0.5
1.1,0.8,5809.73,16.99,-64.07,0.5
1.01,0.79,5729.35,16.93,-66.27,0.5
1.02,0.76,5721.53,16.93,-69.96,0.49
1.04,0.85,5697.26,16.91,-63.76,0.5
1.01,0.78,5686.16,16.9,-66.25,0.5
1.11,0.81,5681.66,16.9,-62.73,0.5
1.06,0.78,5675.52,16.89,-66.75,0.5
1.06,0.79,5675.52,16.89,-66.75,0.5
1.02,0.75,5672.85,16.89,-69.94,0.49
1.02,0.74,5672.85,16.89,-69.94,0.49
1.02,0.73,5644.49,16.87,-69.93,0.49
1.02,0.72,5597.34,16.83,-69.91,0.49
1.01,0.84,5497.82,16.75,-64.49,0.5
1.06,0.77,5456.7,16.72,-66.75,0.49
1.0,0.82,5446.38,16.71,-73.13,0.5
1.11,0.74,5429.88,16.69,-69.6,0.49
1.11,0.73,5429.88,16.69,-69.6,0.49
1.11,0.72,5429.88,16.69,-69.6,0.49
1.11,0.76,5429.88,16.69,-69.6,0.49
1.11,0.75,5429.88,16.69,-69.6,0.49
1.12,0.83,5421.13,16.69,-61.67,0.49
1.13,0.83,5421.13,16.69,-61.67,0.49
1.11,0.8,5404.76,16.67,-63.96,0.49
1.03,0.88,5393.01,16.66,-60.44,0.5
1.1,0.71,5275.35,16.57,-71.4,0.49
1.0,0.81,5212.07,16.51,-73.13,0.49
1.07,0.79,5202.9,16.51,-66.79,0.49
1.08,0.79,5202.9,16.51,-66.79,0.49
1.08,0.78,5202.9,16.51,-66.79,0.49
1.07,0.78,5202.9,16.51,-66.79,0.49
1.13,0.82,5165.28,16.48,-62.48,0.49
1.12,0.82,5165.28,16.48,-62.48,0.49
1.03,0.87,5153.65,16.47,-60.19,0.49
1.14,0.83,5137.54,16.45,-61.67,0.49
1.01,0.77,5066.8,16.39,-67.86,0.49
1.15,0.83,5017.36,16.35,-61.6,0.49
1.16,0.83,5017.36,16.35,-61.6,0.49
1.02,0.71,5009.05,16.34,-70.71,0.48
1.08,0.77,5004.53,16.34,-67.92,0.48
1.07,0.77,5004.53,16.34,-67.92,0.48
1.09,0.78,4965.02,16.3,-66.75,0.48
1.09,0.79,4965.02,16.3,-66.75,0.48
1.05,0.85,4950.41,16.29,-63.76,0.49
1.13,0.81,4941.64,16.28,-62.48,0.49
1.12,0.81,4941.64,16.28,-62.48,0.49
1.02,0.85,4916.24,16.26,-60.72,0.49
1.11,0.71,4914.37,16.26,-71.25,0.48
1.14,0.82,4898.25,16.24,-62.48,0.49
1.01,0.76,4886.14,16.23,-69.18,0.48
1.04,0.88,4879.89,16.23,-61.64,0.49
1.17,0.83,4853.26,16.2,-61.5,0.48
1.01,0.74,4809.15,16.16,-69.14,0.48
1.01,0.75,4809.15,16.16,-69.14,0.48
1.15,0.82,4784.94,16.14,-62.4,0.48
1.16,0.82,4784.94,16.14,-62.4,0.48
1.06,0.84,4781.38,16.14,-62.13,0.48
1.09,0.77,4776.88,16.13,-67.69,0.48
1.19,0.75,4764.93,16.12,-69.57,0.48
1.19,0.72,4764.93,16.12,-69.57,0.48
1.19,0.74,4764.93,16.12,-69.57,0.48
1.19,0.76,4764.93,16.12,-69.57,0.48
1.19,0.73,4764.93,16.12,-69.57,0.48
1.01,0.73,4764.3,16.12,-69.11,0.48
1.12,0.75,4733.1,16.09,-68.95,0.48
1.12,0.76,4733.1,16.09,-68.95,0.48
1.12,0.74,4733.1,16.09,-68.95,0.48
1.12,0.73,4733.1,16.09,-68.95,0.48
1.13,0.75,4733.1,16.09,-68.95,0.48
1.13,0.76,4733.1,16.09,-68.95,0.48
1.14,0.76,4733.1,16.09,-68.95,0.48
1.14,0.73,4733.1,16.09,-68.95,0.48
1.14,0.72,4733.1,16.09,-68.95,0.48
1.14,0.74,4733.1,16.09,-68.95,0.48
1.14,0.75,4733.1,16.09,-68.95,0.48
1.13,0.72,4733.1,16.09,-68.95,0.48
1.13,0.74,4733.1,16.09,-68.95,0.48
1.13,0.73,4733.1,16.09,-68.95,0.48
1.12,0.72,4733.1,16.09,-68.95,0.48
1.13,0.8,4703.56,16.06,-63.69,0.48
1.12,0.8,4703.56,16.06,-63.69,0.48
1.01,0.72,4689.75,16.05,-69.06,0.48
1.14,0.81,4687.6,16.05,-62.48,0.48
1.0,0.8,4669.87,16.03,-74.02,0.48
1.04,0.87,4665.71,16.03,-61.39,0.48
1.17,0.82,4630.16,16.0,-62.29,0.48
1.15,0.74,4625.22,15.99,-68.84,0.48
1.15,0.76,4625.22,15.99,-68.84,0.48
1.15,0.73,4625.22,15.99,-68.84,0.48
1.15,0.72,4625.22,15.99,-68.84,0.48
1.16,0.76,4625.22,15.99,-68.84,0.48
1.16,0.75,4625.22,15.99,-68.84,0.48
1.16,0.74,4625.22,15.99,-68.84,0.48
1.15,0.75,4625.22,15.99,-68.84,0.48
1.16,0.72,4625.22,15.99,-68.84,0.48
1.16,0.73,4625.22,15.99,-68.84,0.48
1.02,0.88,4616.04,15.98,-58.67,0.48
1.03,0.86,4597.77,15.97,-59.9,0.48
1.15,0.81,4579.75,15.95,-62.4,0.48
1.16,0.81,4579.75,15.95,-62.4,0.48
1.19,0.71,4559.11,15.93,-69.46,0.48
1.1,0.79,4506.55,15.88,-66.57,0.47
1.1,0.78,4506.55,15.88,-66.57,0.47
1.17,0.76,4477.75,15.85,-68.68,0.47
1.17,0.73,4477.75,15.85,-68.68,0.47
1.17,0.72,4477.75,15.85,-68.68,0.47
1.17,0.75,4477.75,15.85,-68.68,0.47
1.17,0.74,4477.75,15.85,-68.68,0.47
1.14,0.8,4462.83,15.84,-63.69,0.48
1.17,0.81,4432.42,15.81,-62.29,0.48
1.15,0.8,4360.63,15.73,-63.61,0.47
1.16,0.8,4360.63,15.73,-63.61,0.47
1.1,0.77,4338.0,15.71,-67.2,0.47
1.12,0.71,4288.64,15.66,-70.86,0.47
1.14,0.71,4288.64,15.66,-70.86,0.47
1.13,0.71,4288.64,15.66,-70.86,0.47
1.02,0.87,4262.31,15.63,-59.58,0.47
1.03,0.89,4252.88,15.63,-57.44,0.48
1.05,0.88,4246.6,15.62,-61.64,0.47
1.17,0.8,4221.02,15.59,-63.49,0.47
1.11,0.78,4201.19,15.57,-66.44,0.47
1.11,0.79,4201.19,15.57,-66.44,0.47
1.16,0.71,4191.75,15.56,-70.74,0.47
1.15,0.71,4191.75,15.56,-70.74,0.47
1.04,0.86,4168.65,15.54,-61.1,0.47
1.01,0.71,4161.71,15.53,-69.3,0.47
1.18,0.72,4131.8,15.5,-68.27,0.47
1.18,0.76,4131.8,15.5,-68.27,0.47
1.18,0.75,4131.8,15.5,-68.27,0.47
1.18,0.74,4131.8,15.5,-68.27,0.47
1.18,0.73,4131.8,15.5,-68.27,0.47
1.05,0.87,4063.3,15.43,-61.39,0.47
1.17,0.71,4059.31,15.42,-70.56,0.46
1.11,0.77,4045.64,15.41,-66.82,0.46
1.07,0.84,4039.76,15.4,-64.26,0.47
1.18,0.83,3918.5,15.27,-61.25,0.47
1.0,0.84,3869.84,15.22,-71.51,0.46
1.04,0.89,3859.36,15.2,-57.03,0.47
1.01,0.88,3857.59,15.2,-60.55,0.47
1.19,0.83,3843.01,15.19,-60.2,0.47
1.01,0.85,3785.99,15.12,-62.16,0.46
1.19,0.82,3751.83,15.08,-59.93,0.47
1.18,0.71,3748.61,15.08,-70.13,0.46
1.18,0.82,3745.7,15.08,-62.01,0.46
1.02,0.86,3736.14,15.06,-59.58,0.46
1.06,0.85,3683.65,15.0,-63.74,0.46
1.12,0.78,3672.01,14.99,-66.13,0.46
1.13,0.78,3672.01,14.99,-66.13,0.46
1.13,0.79,3672.01,14.99,-66.13,0.46
1.12,0.79,3672.01,14.99,-66.13,0.46
1.02,0.89,3657.32,14.97,-58.52,0.46
1.0,0.79,3656.27,14.97,-74.02,0.46
1.05,0.86,3638.32,14.95,-61.1,0.46
1.19,0.81,3594.01,14.9,-61.45,0.46
1.18,0.81,3589.9,14.89,-62.01,0.46
1.0,0.78,3581.94,14.88,-74.32,0.46
1.13,0.77,3538.91,14.83,-66.13,0.45
1.12,0.77,3538.91,14.83,-66.13,0.45
1.08,0.84,3510.36,14.8,-68.2,0.45
1.19,0.8,3494.97,14.78,-61.56,0.46
1.14,0.78,3490.33,14.77,-66.45,0.45
1.14,0.79,3490.33,14.77,-66.45,0.45
1.01,0.87,3489.05,14.77,-62.16,0.46
1.18,0.8,3422.47,14.69,-63.19,0.45
1.15,0.78,3413.07,14.68,-66.31,0.45
1.16,0.78,3413.07,14.68,-66.31,0.45
1.15,0.79,3413.07,14.68,-66.31,0.45
1.16,0.79,3413.07,14.68,-66.31,0.45
1.05,0.89,3372.86,14.62,-57.03,0.45
1.14,0.77,3364.93,14.61,-67.49,0.45
1.17,0.79,3307.48,14.54,-66.11,0.45
1.17,0.78,3307.48,14.54,-66.11,0.45
1.16,0.77,3290.93,14.52,-67.35,0.45
1.15,0.77,3290.93,14.52,-67.35,0.45
1.09,0.84,3213.53,14.42,-68.98,0.44
1.17,0.77,3189.77,14.39,-67.15,0.44
1.07,0.85,3129.02,14.3,-66.36,0.44
1.04,1.0,3108.93,14.28,-54.0,0.48
1.01,0.89,3076.17,14.23,-60.55,0.44
1.04,0.99,3025.39,14.16,-54.0,0.48
1.01,0.94,3024.16,14.16,-58.36,0.45
1.02,0.99,2950.99,14.06,-55.67,0.47
1.06,0.88,2909.25,13.99,-61.62,0.44
1.01,0.86,2902.2,13.98,-62.16,0.44
1.19,0.79,2877.81,13.95,-66.03,0.44
1.19,0.78,2877.81,13.95,-66.03,0.44
1.05,1.0,2865.63,13.93,-54.0,0.47
1.01,0.99,2861.45,13.92,-56.45,0.46
1.1,0.84,2844.03,13.9,-65.28,0.43
1.03,1.0,2797.97,13.83,-54.0,0.47
1.06,0.87,2790.75,13.82,-61.4,0.43
1.19,0.77,2776.37,13.8,-67.08,0.43
1.03,0.99,2776.18,13.8,-54.0,0.46
1.0,0.77,2765.96,13.78,-77.22,0.43
1.08,0.85,2732.57,13.73,-70.34,0.43
1.0,0.88,2731.48,13.73,-65.0,0.43
1.18,0.78,2701.24,13.68,-65.55,0.43
1.18,0.79,2701.24,13.68,-65.55,0.43
1.0,0.76,2688.26,13.66,-77.22,0.43
1.02,1.0,2681.15,13.65,-55.24,0.46
1.02,0.98,2676.95,13.64,-55.67,0.46
1.01,0.93,2647.69,13.6,-58.92,0.44
1.0,0.94,2641.05,13.59,-61.34,0.44
1.02,0.94,2634.61,13.58,-57.08,0.44
1.04,0.98,2634.57,13.58,-54.0,0.46
1.11,0.84,2627.98,13.57,-64.76,0.43
1.18,0.77,2608.45,13.53,-66.24,0.42
1.0,0.99,2572.76,13.48,-57.55,0.45
1.01,0.98,2571.28,13.47,-56.45,0.45
1.03,0.98,2567.17,13.47,-54.0,0.45
1.01,0.92,2564.69,13.46,-58.92,0.43
1.0,0.74,2556.87,13.45,-77.83,0.42
1.0,0.75,2556.87,13.45,-77.83,0.42
1.06,0.86,2516.8,13.38,-61.14,0.42
1.05,0.99,2502.02,13.36,-54.0,0.45
1.0,0.73,2480.31,13.32,-78.19,0.42
1.03,0.94,2469.83,13.3,-54.0,0.43
1.02,0.97,2427.42,13.23,-56.02,0.44
1.0,0.98,2425.96,13.23,-57.55,0.44
1.04,0.94,2406.69,13.2,-54.0,0.43
1.09,0.85,2403.28,13.19,-71.2,0.42
1.01,1.0,2395.59,13.18,-55.59,0.45
1.0,0.97,2390.51,13.17,-58.26,0.44
1.01,0.9,2383.12,13.15,-59.74,0.42
1.07,0.88,2360.34,13.11,-64.48,0.42
1.03,0.9,2356.69,13.11,-54.0,0.42
1.0,0.72,2353.07,13.1,-78.78,0.41
1.0,0.87,2342.19,13.08,-67.56,0.42
1.02,0.9,2341.72,13.08,-57.99,0.42
1.02,0.92,2341.03,13.08,-57.45,0.42
1.0,0.93,2330.49,13.06,-62.51,0.43
1.12,0.84,2318.37,13.04,-63.66,0.41
1.02,0.93,2315.68,13.04,-57.45,0.43
1.0,0.85,2305.48,13.02,-67.65,0.41
1.01,0.97,2291.88,12.99,-56.8,0.43
1.0,0.89,2285.31,12.98,-65.0,0.41
1.03,0.92,2283.48,12.98,-54.0,0.42
1.07,0.87,2268.17,12.95,-64.26,0.41
1.06,0.89,2263.01,12.94,-56.58,0.41
1.03,0.97,2252.4,12.92,-54.0,0.43
1.03,0.93,2206.42,12.83,-54.0,0.42
1.13,0.84,2195.75,12.81,-61.67,0.41
1.04,0.93,2184.56,12.79,-54.0,0.42
1.0,0.92,2150.8,12.73,-62.51,0.41
1.05,0.98,2141.68,12.71,-54.0,0.43
1.1,0.85,2139.58,12.71,-67.53,0.4
1.04,0.97,2078.7,12.59,-54.0,0.43
1.08,0.88,2074.89,12.58,-68.84,0.4
1.07,0.86,2055.45,12.54,-63.99,0.4
1.05,0.94,2027.64,12.48,-54.0,0.41
1.04,0.9,2021.32,12.47,-54.0,0.41
1.04,0.95,2013.42,12.46,-54.0,0.41
1.14,0.84,2001.79,12.43,-61.67,0.4
1.0,0.71,2001.18,12.43,-79.57,0.4
1.08,0.87,1996.27,12.42,-68.61,0.4
1.04,0.92,1959.28,12.34,-54.0,0.41
1.01,0.91,1944.33,12.31,-59.76,0.4
1.16,0.84,1907.35,12.23,-61.6,0.4
1.15,0.84,1907.35,12.23,-61.6,0.4
1.03,0.95,1897.33,12.21,-54.0,0.41
1.11,0.85,1892.07,12.2,-67.1,0.39
1.06,1.0,1861.4,12.13,-54.0,0.42
1.05,0.93,1855.3,12.12,-54.0,0.4
1.0,0.9,1850.51,12.11,-63.76,0.39
1.07,0.89,1848.16,12.1,-59.58,0.39
1.08,0.86,1815.04,12.03,-68.33,0.39
1.0,0.86,1808.95,12.02,-67.65,0.39
1.02,0.91,1806.68,12.01,-57.83,0.39
1.1,0.88,1801.12,12.0,-66.11,0.39
1.13,0.88,1791.68,11.98,-54.0,0.39
1.03,0.91,1787.48,11.97,-54.0,0.39
1.09,0.88,1773.99,11.94,-69.83,0.39
1.17,0.84,1763.58,11.91,-61.5,0.39
1.05,0.97,1737.13,11.85,-54.0,0.4
1.1,0.87,1735.22,11.85,-65.87,0.38
1.13,0.87,1725.91,11.82,-54.0,0.39
1.09,0.87,1709.69,11.79,-69.59,0.38
1.05,0.95,1708.77,11.78,-54.0,0.39
1.02,0.95,1703.53,11.77,-57.08,0.39
1.01,0.95,1674.63,11.7,-58.36,0.39
1.12,0.85,1660.15,11.67,-66.2,0.38
1.05,0.9,1654.91,11.65,-54.0,0.38
1.14,0.88,1642.89,11.62,-54.0,0.38
1.17,0.88,1628.29,11.59,-54.0,0.38
1.0,0.91,1614.06,11.55,-65.18,0.38
1.0,0.95,1607.36,11.54,-61.12,0.39
1.05,0.92,1605.5,11.53,-54.0,0.38
1.08,0.89,1588.67,11.49,-63.98,0.38
1.14,0.87,1584.22,11.48,-54.0,0.38
1.1,0.86,1583.37,11.48,-65.58,0.37
1.16,0.88,1576.42,11.46,-54.0,0.38
1.13,0.86,1574.2,11.45,-54.0,0.38
1.15,0.88,1572.38,11.45,-54.0,0.38
1.17,0.87,1570.33,11.44,-54.0,0.38
1.13,0.85,1569.98,11.44,-54.0,0.37
1.09,0.86,1561.68,11.42,-69.3,0.37
1.04,0.91,1549.84,11.39,-54.0,0.38
1.11,0.88,1539.42,11.36,-65.73,0.37
1.06,0.99,1529.91,11.34,-54.0,0.39
1.16,0.87,1520.91,11.31,-54.0,0.37
1.15,0.87,1517.06,11.3,-54.0,0.37
1.07,1.0,1511.4,11.29,-54.0,0.4
1.02,0.96,1510.75,11.29,-56.5,0.38
1.17,0.89,1498.74,11.25,-54.0,0.37
1.11,0.87,1485.9,11.22,-65.47,0.37
1.18,0.84,1476.47,11.19,-61.25,0.37
1.18,0.88,1474.46,11.19,-54.0,0.37
1.16,0.89,1452.27,11.13,-54.0,0.37
1.03,0.96,1451.82,11.13,-54.0,0.38
1.14,0.86,1449.03,11.12,-54.0,0.37
1.15,0.89,1448.65,11.12,-54.0,0.37
1.14,0.85,1440.59,11.1,-54.48,0.37
1.17,0.86,1436.78,11.09,-54.0,0.37
1.19,0.84,1432.08,11.07,-54.69,0.37
1.18,0.87,1423.68,11.05,-54.0,0.37
1.13,0.89,1417.75,11.03,-54.0,0.37
1.0,0.96,1407.95,11.0,-59.17,0.37
1.14,0.89,1407.57,11.0,-54.0,0.37
1.16,0.86,1393.01,10.96,-54.0,0.36
1.15,0.86,1389.64,10.95,-54.0,0.36
1.16,0.85,1382.39,10.93,-54.09,0.36
1.15,0.85,1379.09,10.92,-54.09,0.36
1.01,0.96,1378.91,10.92,-57.76,0.37
1.04,0.96,1374.69,10.91,-54.0,0.37
1.11,0.86,1362.75,10.87,-65.17,0.36
1.12,0.88,1360.93,10.87,-64.92,0.36
1.18,0.89,1360.84,10.87,-54.0,0.36
1.06,0.98,1323.85,10.76,-54.0,0.37
1.12,0.87,1315.79,10.74,-64.64,0.36
1.18,0.86,1306.73,10.71,-54.0,0.36
1.08,1.0,1296.61,10.68,-54.0,0.38
1.17,0.85,1295.75,10.67,-54.0,0.35
1.05,0.91,1289.45,10.66,-54.0,0.36
1.06,0.94,1271.3,10.6,-54.0,0.36
1.19,0.88,1258.38,10.56,-54.0,0.36
1.19,0.89,1242.75,10.51,-54.0,0.36
1.07,0.99,1240.4,10.5,-54.0,0.37
1.19,0.87,1231.62,10.47,-54.0,0.35
1.12,0.86,1212.07,10.41,-64.31,0.35
1.18,0.85,1189.35,10.34,-54.0,0.34
1.05,0.96,1188.43,10.33,-54.0,0.36
1.06,0.93,1183.24,10.32,-54.0,0.35
1.09,0.89,1161.93,10.25,-63.29,0.34
1.19,0.86,1151.47,10.21,-54.0,0.34
1.1,0.89,1118.76,10.1,-58.72,0.34
1.06,0.97,1114.68,10.08,-54.0,0.35
1.07,0.98,1096.79,10.02,-54.0,0.35
1.08,0.99,1082.09,9.97,-54.0,0.35
1.07,0.94,1066.26,9.91,-54.0,0.34
1.06,0.9,1057.32,9.88,-54.0,0.33
1.19,0.85,1053.71,9.87,-54.0,0.33
1.06,0.95,1049.6,9.85,-54.0,0.34
1.06,0.92,1015.27,9.72,-54.0,0.33
1.07,0.93,998.89,9.66,-54.0,0.33
1.08,0.98,971.15,9.55,-54.0,0.33
1.11,0.89,964.97,9.53,-58.73,0.32
1.07,0.97,960.17,9.51,-54.0,0.33
1.09,1.0,953.33,9.48,-54.0,0.34
1.12,0.89,948.13,9.46,-57.87,0.32
1.08,0.94,918.26,9.34,-54.0,0.32
1.07,0.9,909.92,9.31,-54.0,0.32
1.07,0.95,895.81,9.25,-54.0,0.32
1.07,0.92,870.16,9.14,-54.0,0.31
1.08,0.93,865.59,9.12,-54.0,0.31
1.06,0.91,853.29,9.06,-55.2,0.31
1.06,0.96,826.31,8.94,-54.0,0.31
1.09,0.99,824.25,8.93,-54.0,0.31
1.08,0.97,814.52,8.89,-54.0,0.31
1.08,0.9,781.41,8.73,-54.0,0.3
1.08,0.95,778.54,8.72,-54.0,0.3
1.08,0.92,765.66,8.66,-54.0,0.3
1.09,0.98,760.2,8.63,-54.0,0.3
1.09,0.94,751.21,8.59,-54.0,0.3
1.07,0.91,745.42,8.56,-55.71,0.29
1.07,0.96,739.29,8.53,-54.0,0.29
1.09,0.93,714.95,8.41,-54.92,0.29
1.1,1.0,698.79,8.32,-54.0,0.29
1.13,0.94,673.93,8.19,-54.0,0.29
1.08,0.91,671.94,8.18,-55.32,0.28
1.09,0.97,662.97,8.13,-54.0,0.28
1.1,0.94,658.64,8.11,-55.24,0.28
1.08,0.96,649.09,8.06,-54.0,0.28
1.09,0.92,647.17,8.05,-56.99,0.28
1.09,0.95,646.32,8.04,-54.0,0.28
1.13,0.93,644.65,8.03,-54.0,0.28
1.1,0.93,631.26,7.96,-57.01,0.27
1.09,0.9,629.65,7.95,-54.0,0.27
1.1,0.99,628.24,7.94,-54.0,0.28
1.13,0.92,609.6,7.83,-54.0,0.27
1.1,0.98,594.03,7.74,-54.0,0.27
1.11,0.94,589.87,7.71,-55.91,0.26
1.11,1.0,588.9,7.71,-54.0,0.27
1.09,0.91,588.08,7.7,-58.1,0.26
1.13,0.9,582.51,7.67,-54.0,0.26
1.1,0.92,580.37,7.66,-58.89,0.26
1.12,0.94,574.11,7.62,-55.59,0.26
1.13,0.91,569.6,7.59,-54.0,0.26
1.11,0.93,569.13,7.59,-57.65,0.26
1.1,0.95,561.31,7.54,-54.0,0.26
1.1,0.9,558.6,7.52,-54.14,0.26
1.09,0.96,556.06,7.51,-54.0,0.26
1.12,0.93,554.77,7.5,-57.34,0.26
1.1,0.97,551.88,7.48,-54.0,0.26
1.16,0.94,547.68,7.45,-54.0,0.26
1.15,0.94,547.12,7.45,-54.0,0.26
1.11,0.99,544.55,7.43,-54.0,0.26
1.14,0.94,543.63,7.43,-54.0,0.26
1.13,0.95,541.82,7.42,-54.0,0.26
1.17,1.0,541.18,7.41,-54.0,0.27
1.1,0.91,537.44,7.39,-59.64,0.25
1.16,1.0,536.98,7.38,-54.0,0.26
1.13,1.0,534.32,7.37,-54.0,0.26
1.15,1.0,532.82,7.36,-54.0,0.26
1.11,0.92,531.65,7.35,-59.44,0.25
1.16,0.93,530.64,7.34,-54.0,0.25
1.15,0.93,530.14,7.34,-54.0,0.25
1.14,1.0,529.29,7.33,-54.0,0.26
1.14,0.93,526.98,7.32,-54.0,0.25
1.12,0.92,525.79,7.31,-58.67,0.25
1.11,0.98,522.66,7.29,-54.0,0.25
1.17,0.99,519.38,7.27,-54.0,0.26
1.16,0.92,518.35,7.26,-54.0,0.25
1.15,0.92,517.89,7.26,-54.0,0.25
1.16,0.99,515.74,7.24,-54.0,0.26
1.17,0.94,514.33,7.23,-54.0,0.25
1.14,0.92,513.61,7.23,-54.0,0.25
1.17,0.98,512.98,7.23,-54.0,0.25
1.18,1.0,511.99,7.22,-54.0,0.26
1.15,0.99,511.67,7.22,-54.0,0.25
1.11,0.9,510.32,7.21,-55.96,0.24
1.17,0.97,509.91,7.2,-54.0,0.25
1.16,0.98,508.6,7.2,-54.0,0.25
1.13,0.99,508.54,7.2,-54.0,0.25
1.12,0.9,507.97,7.19,-55.12,0.24
1.14,0.99,507.84,7.19,-54.0,0.25
1.11,0.95,507.36,7.19,-54.0,0.24
1.16,0.9,505.71,7.18,-54.0,0.24
1.15,0.9,505.3,7.17,-54.0,0.24
1.15,0.98,504.84,7.17,-54.0,0.25
1.16,0.95,502.5,7.15,-54.0,0.25
1.14,0.9,501.46,7.15,-54.0,0.24
1.16,0.97,501.46,7.15,-54.0,0.25
1.11,0.91,500.94,7.14,-59.92,0.24
1.17,0.93,500.54,7.14,-54.0,0.25
1.14,0.98,500.13,7.14,-54.0,0.25
1.12,0.91,498.96,7.13,-59.15,0.24
1.15,0.97,497.9,7.12,-54.0,0.25
1.13,0.98,496.92,7.12,-54.0,0.25
1.12,1.0,496.36,7.11,-54.0,0.25
1.15,0.95,495.33,7.1,-54.0,0.25
1.18,0.99,495.19,7.1,-54.0,0.25
1.11,0.97,495.09,7.1,-54.0,0.24
1.17,0.96,494.45,7.1,-54.0,0.25
1.16,0.91,494.36,7.1,-54.0,0.24
1.15,0.91,493.98,7.1,-54.0,0.24
1.14,0.97,493.43,7.09,-54.0,0.25
1.18,0.94,493.31,7.09,-54.0,0.24
1.19,1.0,492.77,7.09,-54.0,0.25
1.17,0.92,492.63,7.09,-54.0,0.24
1.14,0.91,490.38,7.07,-54.0,0.24
1.13,0.97,489.82,7.07,-54.0,0.24
1.18,0.98,489.81,7.07,-54.0,0.25
1.12,0.95,488.41,7.06,-54.0,0.24
1.18,0.97,487.24,7.05,-54.0,0.25
1.14,0.95,486.43,7.04,-54.0,0.24
1.16,0.96,486.35,7.04,-54.0,0.24
1.1,0.96,485.57,7.04,-54.0,0.24
1.17,0.9,483.74,7.02,-54.0,0.24
1.18,0.93,481.49,7.01,-54.0,0.24
1.15,0.96,480.05,7.0,-54.0,0.24
1.19,0.94,479.69,7.0,-54.0,0.24
1.17,0.95,477.54,6.98,-54.0,0.24
1.19,0.99,477.04,6.98,-54.0,0.25
1.18,0.92,474.72,6.96,-54.0,0.24
1.12,0.99,474.57,6.96,-54.0,0.24
1.18,0.96,474.38,6.96,-54.0,0.24
1.19,0.98,473.17,6.95,-54.0,0.24
1.17,0.91,472.77,6.95,-54.0,0.24
1.14,0.96,472.7,6.95,-54.0,0.24
1.19,0.93,471.85,6.94,-54.0,0.24
1.19,0.97,470.84,6.93,-54.0,0.24
1.18,0.9,469.65,6.92,-54.0,0.23
1.19,0.92,465.64,6.89,-54.0,0.24
1.12,0.98,462.76,6.87,-54.0,0.23
1.18,0.95,461.73,6.87,-54.0,0.24
1.19,0.96,460.5,6.86,-54.0,0.24
1.18,0.91,459.97,6.85,-54.0,0.23
1.19,0.9,456.4,6.83,-54.0,0.23
1.13,0.96,454.9,6.82,-54.0,0.23
1.19,0.91,452.8,6.8,-54.0,0.23
1.19,0.95,450.3,6.78,-54.0,0.23
1.11,0.96,449.69,6.78,-54.0,0.23
1.12,0.97,445.82,6.75,-54.0,0.23
1.12,0.96,422.44,6.57,-54.0,0.22
